,portfolio,ann_return,ann_vol,sharpe,max_drawdown
0,Risk Parity,0.12499736614640788,0.1412537539580488,0.8849135873835331,-0.29723864477367823
